[
  {
    "id": 18458,
    "url": "https://www.tvmaze.com/shows/18458/the-proud-family",
    "name": "The Proud Family",
    "type": "Animation",
    "language": "English",
    "genres": ["Comedy", "Children"],
    "status": "Ended",
    "runtime": 30,
    "averageRuntime": 30,
    "premiered": "2001-09-15",
    "ended": "2005-08-19",
    "officialSite": null,
    "schedule": {
      "time": "16:30",
      "days": [
        "Monday",
        "Tuesday",
        "Wednesday",
        "Thursday",
        "Friday",
        "Saturday",
        "Sunday"
      ]
    },
    "rating": { "average": null },
    "weight": 52,
    "network": {
      "id": 78,
      "name": "Disney Channel",
      "country": {
        "name": "United States",
        "code": "US",
        "timezone": "America/New_York"
      }
    },
    "webChannel": null,
    "dvdCountry": null,
    "externals": { "tvrage": null, "thetvdb": 76814, "imdb": "tt0293737" },
    "image": {
      "medium": "https://static.tvmaze.com/uploads/images/medium_portrait/188/470580.jpg",
      "original": "https://static.tvmaze.com/uploads/images/original_untouched/188/470580.jpg"
    },
    "summary": "<p>Animated adventures of Penny Proud, a girl growing up with the help of her friends.</p>",
    "updated": 1615700073,
    "_links": {
      "self": { "href": "https://api.tvmaze.com/shows/18458" },
      "previousepisode": { "href": "https://api.tvmaze.com/episodes/839152" }
    }
  },
  {
    "id": 18374,
    "url": "https://www.tvmaze.com/shows/18374/lego-ninjago-masters-of-spinjitzu",
    "name": "LEGO Ninjago: Masters of Spinjitzu",
    "type": "Animation",
    "language": "English",
    "genres": ["Action", "Adventure", "Children"],
    "status": "Running",
    "runtime": 30,
    "averageRuntime": 30,
    "premiered": "2012-01-11",
    "ended": null,
    "officialSite": "http://www.cartoonnetwork.com/games/ninjago/spinjitzu-snakedown/",
    "schedule": { "time": "", "days": [] },
    "rating": { "average": null },
    "weight": 83,
    "network": {
      "id": 376,
      "name": "Teletoon",
      "country": {
        "name": "Canada",
        "code": "CA",
        "timezone": "America/Halifax"
      }
    },
    "webChannel": null,
    "dvdCountry": null,
    "externals": { "tvrage": null, "thetvdb": 253323, "imdb": "tt1871731" },
    "image": {
      "medium": "https://static.tvmaze.com/uploads/images/medium_portrait/306/765660.jpg",
      "original": "https://static.tvmaze.com/uploads/images/original_untouched/306/765660.jpg"
    },
    "summary": "<p>Long before time had a name, Ninjago was created by the First Spinjitzu Master by using the Four Elemental Weapons of Spinjitzu; weapons so powerful, no one can handle all of their power at once. When he passed away, his two sons swore to protect them, but the oldest, Lord Garmadon, was consumed by darkness and wanted to possess them all. A battle between brothers broke out and Lord Garmadon was struck down and banished to the Underworld. Peace returned to Ninjago as the younger brother, Sensei Wu, hid the elemental weapons in the far corners of Ninjago.</p>",
    "updated": 1621949128,
    "_links": {
      "self": { "href": "https://api.tvmaze.com/shows/18374" },
      "previousepisode": { "href": "https://api.tvmaze.com/episodes/2098965" }
    }
  },
  {
    "id": 1866,
    "url": "https://www.tvmaze.com/shows/1866/the-muppets",
    "name": "The Muppets",
    "type": "Scripted",
    "language": "English",
    "genres": ["Comedy", "Children", "Family"],
    "status": "Ended",
    "runtime": 30,
    "averageRuntime": 30,
    "premiered": "2015-09-22",
    "ended": "2016-03-01",
    "officialSite": null,
    "schedule": { "time": "20:30", "days": ["Monday"] },
    "rating": { "average": 7.1 },
    "weight": 61,
    "network": {
      "id": 3,
      "name": "ABC",
      "country": {
        "name": "United States",
        "code": "US",
        "timezone": "America/New_York"
      }
    },
    "webChannel": null,
    "dvdCountry": null,
    "externals": { "tvrage": 49022, "thetvdb": 295721, "imdb": "tt4651824" },
    "image": {
      "medium": "https://static.tvmaze.com/uploads/images/medium_portrait/11/27508.jpg",
      "original": "https://static.tvmaze.com/uploads/images/original_untouched/11/27508.jpg"
    },
    "summary": "<p><i>The Muppets</i> return to prime time with a contemporary, documentary-style show that, for the first time ever, will explore the Muppets' personal lives and relationships, both at home and at work, as well as romances, break-ups, achievements, disappointments, wants and desires; a more adult Muppet show, for kids of all ages.</p>",
    "updated": 1574650126,
    "_links": {
      "self": { "href": "https://api.tvmaze.com/shows/1866" },
      "previousepisode": { "href": "https://api.tvmaze.com/episodes/618861" }
    }
  },
  {
    "id": 2145,
    "url": "https://www.tvmaze.com/shows/2145/the-jetsons",
    "name": "The Jetsons",
    "type": "Animation",
    "language": "English",
    "genres": ["Comedy", "Children", "Science-Fiction"],
    "status": "Ended",
    "runtime": 30,
    "averageRuntime": 30,
    "premiered": "1962-09-23",
    "ended": "1987-11-12",
    "officialSite": null,
    "schedule": { "time": "", "days": [] },
    "rating": { "average": 8 },
    "weight": 71,
    "network": {
      "id": 3,
      "name": "ABC",
      "country": {
        "name": "United States",
        "code": "US",
        "timezone": "America/New_York"
      }
    },
    "webChannel": null,
    "dvdCountry": null,
    "externals": { "tvrage": 5892, "thetvdb": 76204, "imdb": "tt0055683" },
    "image": {
      "medium": "https://static.tvmaze.com/uploads/images/medium_portrait/11/29999.jpg",
      "original": "https://static.tvmaze.com/uploads/images/original_untouched/11/29999.jpg"
    },
    "summary": "<p><b>The Jetsons</b> was Hanna-Barbera's Space Age counterpart to <i>The Flintstones</i>, a half-hour family sitcom projecting contemporary American culture and lifestyle into another time period. The Jetsons live in a futuristic utopia in the year 2062 of elaborate robotic contraptions, aliens, holograms, and whimsical inventions.</p>",
    "updated": 1641186863,
    "_links": {
      "self": { "href": "https://api.tvmaze.com/shows/2145" },
      "previousepisode": { "href": "https://api.tvmaze.com/episodes/176981" }
    }
  },
  {
    "id": 2818,
    "url": "https://www.tvmaze.com/shows/2818/my-little-pony-friendship-is-magic",
    "name": "My Little Pony: Friendship is Magic",
    "type": "Animation",
    "language": "English",
    "genres": ["Adventure", "Children", "Fantasy"],
    "status": "Ended",
    "runtime": 30,
    "averageRuntime": 26,
    "premiered": "2010-10-10",
    "ended": "2019-10-12",
    "officialSite": "http://www.discoveryfamilychannel.com/",
    "schedule": { "time": "11:30", "days": ["Saturday"] },
    "rating": { "average": 7 },
    "weight": 87,
    "network": {
      "id": 176,
      "name": "Discovery Family",
      "country": {
        "name": "United States",
        "code": "US",
        "timezone": "America/New_York"
      }
    },
    "webChannel": null,
    "dvdCountry": null,
    "externals": { "tvrage": 27689, "thetvdb": 212171, "imdb": "tt1751105" },
    "image": {
      "medium": "https://static.tvmaze.com/uploads/images/medium_portrait/15/38187.jpg",
      "original": "https://static.tvmaze.com/uploads/images/original_untouched/15/38187.jpg"
    },
    "summary": "<p>\"Get your muzzle out of those books and make some friends!\" That's what Princess Celestia tells Twilight Sparkle. She may be the smartest unicorn in Equestria, but Twilight Sparkle gets an \"incomplete\" in friendship. There's more to life than learning magic, after all -- so she goes to Ponyville on a mission to make friends. There she meets five special ponies who take her on exciting adventures and teach her the most powerful magic of all ... the magic of friendship!</p>",
    "updated": 1577538564,
    "_links": {
      "self": { "href": "https://api.tvmaze.com/shows/2818" },
      "previousepisode": { "href": "https://api.tvmaze.com/episodes/1705318" }
    }
  },
  {
    "id": 6706,
    "url": "https://www.tvmaze.com/shows/6706/tarzan-and-jane",
    "name": "Tarzan and Jane",
    "type": "Animation",
    "language": "English",
    "genres": ["Action", "Adventure", "Children"],
    "status": "Running",
    "runtime": null,
    "averageRuntime": 23,
    "premiered": "2017-01-06",
    "ended": null,
    "officialSite": "https://www.netflix.com/title/80057506",
    "schedule": { "time": "", "days": [] },
    "rating": { "average": null },
    "weight": 53,
    "network": {
      "id": 27,
      "name": "Nickelodeon",
      "country": {
        "name": "United States",
        "code": "US",
        "timezone": "America/New_York"
      }
    },
    "webChannel": { "id": 1, "name": "Netflix", "country": null },
    "dvdCountry": null,
    "externals": { "tvrage": null, "thetvdb": 322362, "imdb": "tt6216718" },
    "image": {
      "medium": "https://static.tvmaze.com/uploads/images/medium_portrait/123/307657.jpg",
      "original": "https://static.tvmaze.com/uploads/images/original_untouched/123/307657.jpg"
    },
    "summary": "<p>Edgar Rice Burroughs' <b>Tarzan and Jane</b> centers around Tarzan who is found in the jungle as a baby after his parents die in a plane crash and is saved at birth from his airplane injuries by a local medicine man who injected him with various lotions and potions from animal DNA's that we later learn have given him great powers such as the speed of a cheetah and the strength of a rhino. He is raised in the jungle by a gorilla until the age of 15 at which point he is found by an expedition from London paid for by his billionaire grandfather. This is where we meet Jane who is part of the expedition and becomes a very important person in his life and in our story as his equal.</p>",
    "updated": 1633293710,
    "_links": {
      "self": { "href": "https://api.tvmaze.com/shows/6706" },
      "previousepisode": { "href": "https://api.tvmaze.com/episodes/1544963" }
    }
  },
  {
    "id": 5146,
    "url": "https://www.tvmaze.com/shows/5146/pat-a-mat",
    "name": "Pat a Mat",
    "type": "Animation",
    "language": null,
    "genres": ["Children"],
    "status": "Running",
    "runtime": 8,
    "averageRuntime": 8,
    "premiered": "1976-08-12",
    "ended": null,
    "officialSite": "http://patmat.cz/",
    "schedule": { "time": "", "days": [] },
    "rating": { "average": null },
    "weight": 83,
    "network": {
      "id": 1010,
      "name": "Czechoslovak Television",
      "country": {
        "name": "Czech Republic",
        "code": "CZ",
        "timezone": "Europe/Prague"
      },
      "officialSite": null
    },
    "webChannel": null,
    "dvdCountry": null,
    "externals": { "tvrage": null, "thetvdb": 80767, "imdb": "tt0841929" },
    "image": {
      "medium": "https://static.tvmaze.com/uploads/images/medium_portrait/341/854109.jpg",
      "original": "https://static.tvmaze.com/uploads/images/original_untouched/341/854109.jpg"
    },
    "summary": "<p>Pat &amp; Mat are neighbours and best friends who love building things and going about doing things in all the wrong ways. But they never lose spirit and they always achieve their goals, even if only for a short time before everything tumbles down. Initially they have no names assigned until in later episodes when they move out from apartment and into next-door houses where Pat &amp; Mat names can be seen on their respective houses. There is no voice-acting whatsoever and music and sound effects do all the talking. Pat &amp; Mat are not CG animated and the entire series uses stop motion technique.</p>",
    "updated": 1646714622,
    "_links": {
      "self": { "href": "https://api.tvmaze.com/shows/5146" },
      "previousepisode": { "href": "https://api.tvmaze.com/episodes/2132853" }
    }
  }
]
