[
    {"id":1549,"url":"https://www.tvmaze.com/shows/1549/kids-baking-championship","name":"Kids Baking Championship","type":"Variety","language":"English","genres":["Children","Food"],"status":"Running","runtime":60,"averageRuntime":60,"premiered":"2015-02-02","ended":null,"officialSite":"http://www.foodnetwork.com/shows/kids-baking-championship","schedule":{"time":"20:00","days":["Monday"]},"rating":{"average":null},"weight":94,"network":{"id":81,"name":"Food Network","country":{"name":"United States","code":"US","timezone":"America/New_York"},"officialSite":null},"webChannel":null,"dvdCountry":null,"externals":{"tvrage":47596,"thetvdb":291938,"imdb":"tt4328676"},"image":{"medium":"https://static.tvmaze.com/uploads/images/medium_portrait/392/981723.jpg","original":"https://static.tvmaze.com/uploads/images/original_untouched/392/981723.jpg"},"summary":"<p>Hosts and judges Duff Goldman and Valerie Bertinelli lead eight talented kid bakers through tasty challenges designed to find the most impressive and creative young baker on <b>Kids Baking Championship</b>. In each challenge, the kid contestants (ranging in age from 10 to 13) will be tested on their baking skills and originality, as they whip up delectable desserts including creative cakes, mouthwatering cookies and pastries making it seem as easy as pie. At stake, a sweet prize package that includes a complete set of Food Network bakeware products, a profile in Food Network Magazine, an original cake featured at Charm City Cakes and a $10,000 grand prize. Only one will take the cake to become the Kids Baking Champion!</p>","updated":1645005234,"_links":{"self":{"href":"https://api.tvmaze.com/shows/1549"},"previousepisode":{"href":"https://api.tvmaze.com/episodes/2260474"}}},
    {"id":3134,"url":"https://www.tvmaze.com/shows/3134/the-amazing-world-of-gumball","name":"The Amazing World of Gumball","type":"Animation","language":"English","genres":["Comedy","Children"],"status":"Running","runtime":11,"averageRuntime":13,"premiered":"2011-05-03","ended":null,"officialSite":"http://www.theamazingworldofgumball.com/","schedule":{"time":"19:00","days":["Monday"]},"rating":{"average":8.8},"weight":91,"network":{"id":11,"name":"Cartoon Network","country":{"name":"United States","code":"US","timezone":"America/New_York"}},"webChannel":null,"dvdCountry":null,"externals":{"tvrage":28067,"thetvdb":248482,"imdb":"tt1942683"},"image":{"medium":"https://static.tvmaze.com/uploads/images/medium_portrait/17/43096.jpg","original":"https://static.tvmaze.com/uploads/images/original_untouched/17/43096.jpg"},"summary":"<p><b>The Amazing World of Gumball </b>is about an amusing blue cat named Gumball and his best buddy Darwin, a pet goldfish, combines 2D and 3D animation in a live-action setting.</p>","updated":1632373981,"_links":{"self":{"href":"https://api.tvmaze.com/shows/3134"},"previousepisode":{"href":"https://api.tvmaze.com/episodes/1662195"}}},
    {"id":2643,"url":"https://www.tvmaze.com/shows/2643/bunkd","name":"Bunk'd","type":"Scripted","language":"English","genres":["Comedy","Children"],"status":"Running","runtime":24,"averageRuntime":28,"premiered":"2015-07-31","ended":null,"officialSite":"https://disneynow.com/shows/bunkd","schedule":{"time":"20:00","days":["Friday"]},"rating":{"average":7.1},"weight":92,"network":{"id":78,"name":"Disney Channel","country":{"name":"United States","code":"US","timezone":"America/New_York"}},"webChannel":{"id":83,"name":"DisneyNOW","country":{"name":"United States","code":"US","timezone":"America/New_York"}},"dvdCountry":null,"externals":{"tvrage":50125,"thetvdb":298277,"imdb":"tt4591680"},"image":{"medium":"https://static.tvmaze.com/uploads/images/medium_portrait/99/249592.jpg","original":"https://static.tvmaze.com/uploads/images/original_untouched/99/249592.jpg"},"summary":"<p><b>Bunk'd</b> is a comedy about summer camp life that follows characters Emma Ross, Ravi Ross and Zuri Ross as they head to Camp Kikiwaka, a rustic summer camp in Maine where their parents met as teenagers.</p>","updated":1639674749,"_links":{"self":{"href":"https://api.tvmaze.com/shows/2643"},"previousepisode":{"href":"https://api.tvmaze.com/episodes/2127787"}}},
    {"id":59005,"url":"https://www.tvmaze.com/shows/59005/fraggle-rock-back-to-the-rock","name":"Fraggle Rock: Back to the Rock","type":"Animation","language":"English","genres":["Children","Family"],"status":"Running","runtime":null,"averageRuntime":26,"premiered":"2022-01-21","ended":null,"officialSite":"https://tv.apple.com/show/fraggle-back-to-the-rock/umc.cmc.2r077021gw7fu0noml0hln2yq?ign-itscg=80098&ign-itsct=atvp_backtotherock_gen_gen","schedule":{"time":"","days":[]},"rating":{"average":null},"weight":93,"network":null,"webChannel":{"id":310,"name":"Apple TV+","country":null,"officialSite":"https://tv.apple.com/"},"dvdCountry":null,"externals":{"tvrage":null,"thetvdb":412536,"imdb":null},"image":{"medium":"https://static.tvmaze.com/uploads/images/medium_portrait/377/944121.jpg","original":"https://static.tvmaze.com/uploads/images/original_untouched/377/944121.jpg"},"summary":"<p>Jim Henson's fun-loving, musical Fraggles are back! Join Gobo, Red, Wembley, Mokey, Boober, and new Fraggle friends on hilarious, epic adventures about the magic that happens when we celebrate and care for our interconnected world.</p>","updated":1644848810,"_links":{"self":{"href":"https://api.tvmaze.com/shows/59005"},"previousepisode":{"href":"https://api.tvmaze.com/episodes/2258649"}}},
    {"id":41144,"url":"https://www.tvmaze.com/shows/41144/green-eggs-and-ham","name":"Green Eggs and Ham","type":"Animation","language":"English","genres":["Adventure","Children"],"status":"Running","runtime":null,"averageRuntime":28,"premiered":"2019-11-08","ended":null,"officialSite":"https://www.netflix.com/title/80057250","schedule":{"time":"","days":[]},"rating":{"average":7.9},"weight":50,"network":null,"webChannel":{"id":1,"name":"Netflix","country":null,"officialSite":"https://www.netflix.com/"},"dvdCountry":null,"externals":{"tvrage":null,"thetvdb":348653,"imdb":"tt4651448"},"image":{"medium":"https://static.tvmaze.com/uploads/images/medium_portrait/218/545918.jpg","original":"https://static.tvmaze.com/uploads/images/original_untouched/218/545918.jpg"},"summary":"<p>Opposites Guy and Sam take a road trip to save an endangered animal, learning to try new things like hope, friendship, and a certain delectable dish.</p>","updated":1646209999,"_links":{"self":{"href":"https://api.tvmaze.com/shows/41144"},"previousepisode":{"href":"https://api.tvmaze.com/episodes/1753302"},"nextepisode":{"href":"https://api.tvmaze.com/episodes/2287001"}}},
    {"id":50901,"url":"https://www.tvmaze.com/shows/50901/the-snoopy-show","name":"The Snoopy Show","type":"Animation","language":"English","genres":["Comedy","Adventure","Children"],"status":"To Be Determined","runtime":22,"averageRuntime":22,"premiered":"2021-02-05","ended":null,"officialSite":"https://tv.apple.com/us/show/the-snoopy-show/umc.cmc.5iswprrvjjw6ab020a17x4ca3?ctx_brand=tvs.sbd.4000","schedule":{"time":"","days":[]},"rating":{"average":null},"weight":81,"network":null,"webChannel":{"id":310,"name":"Apple TV+","country":null},"dvdCountry":null,"externals":{"tvrage":null,"thetvdb":389478,"imdb":"tt13206602"},"image":{"medium":"https://static.tvmaze.com/uploads/images/medium_portrait/294/737116.jpg","original":"https://static.tvmaze.com/uploads/images/original_untouched/294/737116.jpg"},"summary":"<p><b>The Snoopy Show</b> stars the internationally beloved beagle and his feathered best friend Woodstock as they tackle all new adventures. Snoopy may seem like just a happy-dancin', bone-lovin', doghouse-sittin' pup, but he's much more than that. He's Joe Cool: hippest kid in school. He's surfer king and famed arm-wrestler Masked Marvel. He's World War I Flying Ace who battles the Red Baron. All of his bold, beloved personas are on full display in this brand-new animated comedy.</p>","updated":1626024466,"_links":{"self":{"href":"https://api.tvmaze.com/shows/50901"},"previousepisode":{"href":"https://api.tvmaze.com/episodes/2127458"}}},
    {"id":56607,"url":"https://www.tvmaze.com/shows/56607/warped","name":"Warped!","type":"Scripted","language":"English","genres":["Comedy","Children"],"status":"Running","runtime":30,"averageRuntime":30,"premiered":"2022-01-16","ended":null,"officialSite":"https://www.nick.com/shows/warped","schedule":{"time":"19:00","days":["Thursday"]},"rating":{"average":null},"weight":90,"network":{"id":27,"name":"Nickelodeon","country":{"name":"United States","code":"US","timezone":"America/New_York"},"officialSite":null},"webChannel":null,"dvdCountry":null,"externals":{"tvrage":null,"thetvdb":null,"imdb":"tt13449684"},"image":{"medium":"https://static.tvmaze.com/uploads/images/medium_portrait/389/973793.jpg","original":"https://static.tvmaze.com/uploads/images/original_untouched/389/973793.jpg"},"summary":"<p><b>Warped!</b> follows Milo, the beloved head geek and manager at a popular comic book store whose microcosm is disrupted when his boss hires the loud and excitable, Ruby. Despite their differences, the two form an unlikely alliance when they team up to create the next great graphic novel with friends, Hurley, the pizza worker next door, and Darby, who dreams of opening her own fashion line. </p>","updated":1646572233,"_links":{"self":{"href":"https://api.tvmaze.com/shows/56607"},"previousepisode":{"href":"https://api.tvmaze.com/episodes/2276048"},"nextepisode":{"href":"https://api.tvmaze.com/episodes/2283512"}}},
    {"id":2143,"url":"https://www.tvmaze.com/shows/2143/the-flintstones","name":"The Flintstones","type":"Animation","language":"English","genres":["Comedy","Adventure","Children"],"status":"Ended","runtime":30,"averageRuntime":30,"premiered":"1960-09-30","ended":"1966-04-01","officialSite":null,"schedule":{"time":"20:30","days":["Friday"]},"rating":{"average":8},"weight":88,"network":{"id":3,"name":"ABC","country":{"name":"United States","code":"US","timezone":"America/New_York"},"officialSite":"https://abc.com/"},"webChannel":null,"dvdCountry":null,"externals":{"tvrage":5785,"thetvdb":76171,"imdb":"tt0053502"},"image":{"medium":"https://static.tvmaze.com/uploads/images/medium_portrait/11/29907.jpg","original":"https://static.tvmaze.com/uploads/images/original_untouched/11/29907.jpg"},"summary":"<p>Join the fun in the town of Bedrock with the this fabulously famous modern Stone-Age family. Mowing the lawn with a saw-toothed dinosaur, showering with water sprayed from a woolly mammoth's trunk and eating brontosaurus burgers are everyday events for the lovable Fred and Wilma Flintstone and their friends Barney and Betty Rubble. Living in prehistoric times has its drawbacks, but the Flintstones and their neighbors survive in style. So have a yabba-dabba-doo time with the <b>The Flintstones</b>.</p>","updated":1643290639,"_links":{"self":{"href":"https://api.tvmaze.com/shows/2143"},"previousepisode":{"href":"https://api.tvmaze.com/episodes/176819"}}},
    {"id":12990,"url":"https://www.tvmaze.com/shows/12990/the-worst-witch","name":"The Worst Witch","type":"Scripted","language":"English","genres":["Adventure","Children","Supernatural"],"status":"To Be Determined","runtime":30,"averageRuntime":31,"premiered":"2017-01-11","ended":null,"officialSite":"http://www.bbc.co.uk/cbbc/shows/the-worst-witch","schedule":{"time":"17:00","days":["Monday"]},"rating":{"average":6.8},"weight":92,"network":{"id":60,"name":"CBBC","country":{"name":"United Kingdom","code":"GB","timezone":"Europe/London"},"officialSite":null},"webChannel":null,"dvdCountry":null,"externals":{"tvrage":null,"thetvdb":321884,"imdb":"tt5721172"},"image":{"medium":"https://static.tvmaze.com/uploads/images/medium_portrait/98/245721.jpg","original":"https://static.tvmaze.com/uploads/images/original_untouched/98/245721.jpg"},"summary":"<p>A new adaptation of Jill Murphy's children's story, following Mildred Hubble's adventures as she studies at an academy for witches.</p>","updated":1645706542,"_links":{"self":{"href":"https://api.tvmaze.com/shows/12990"},"previousepisode":{"href":"https://api.tvmaze.com/episodes/1835250"}}},
    {"id":2565,"url":"https://www.tvmaze.com/shows/2565/the-fairly-oddparents","name":"The Fairly OddParents","type":"Animation","language":"English","genres":["Comedy","Children"],"status":"Ended","runtime":15,"averageRuntime":15,"premiered":"2001-03-30","ended":"2017-02-22","officialSite":"http://www.nick.com/fairly-oddparents/","schedule":{"time":"21:00","days":["Wednesday"]},"rating":{"average":7.5},"weight":46,"network":{"id":73,"name":"Nicktoons","country":{"name":"United States","code":"US","timezone":"America/New_York"}},"webChannel":null,"dvdCountry":null,"externals":{"tvrage":5761,"thetvdb":76372,"imdb":"tt0235918"},"image":{"medium":"https://static.tvmaze.com/uploads/images/medium_portrait/13/34324.jpg","original":"https://static.tvmaze.com/uploads/images/original_untouched/13/34324.jpg"},"summary":"<p><b>The Fairly OddParents</b> follows the comedic adventures of Timmy Turner , a 10-year-old boy who overcomes typical kid obstacles with the help of his wand-wielding wish-granting fairy godparents, Cosmo and Wanda. These wishes fix problems that include everything from an aggravating babysitter to difficult homework assignments. With their eagerness to help Timmy, Cosmo and Wanda always succeed in messing things up.</p>","updated":1640820482,"_links":{"self":{"href":"https://api.tvmaze.com/shows/2565"},"previousepisode":{"href":"https://api.tvmaze.com/episodes/1254468"}}}
]