[
{
    "id": 472,
    "url": "https://www.tvmaze.com/shows/472/x-men",
    "name": "X-Men",
    "type": "Animation",
    "language": "English",
    "genres": [
      "Children",
      "Science-Fiction"
    ],
    "status": "Ended",
    "runtime": 30,
    "averageRuntime": 30,
    "premiered": "1992-10-31",
    "ended": "1997-09-20",
    "officialSite": null,
    "schedule": {
      "time": "11:00",
      "days": [
        "Saturday"
      ]
    },
    "rating": {
      "average": 8
    },
    "weight": 95,
    "network": {
      "id": 1457,
      "name": "Fox Kids",
      "country": {
        "name": "United States",
        "code": "US",
        "timezone": "America/New_York"
      }
    },
    "webChannel": null,
    "dvdCountry": null,
    "externals": {
      "tvrage": 6665,
      "thetvdb": 76115,
      "imdb": "tt0103584"
    },
    "image": {
      "medium": "https://static.tvmaze.com/uploads/images/medium_portrait/305/764844.jpg",
      "original": "https://static.tvmaze.com/uploads/images/original_untouched/305/764844.jpg"
    },
    "summary": "<p>With stories adapted directly from the original comic books, this show is a piece of Marvel history and a must-have for every X-Men fan. Discover the origins of your favorite characters and uncover the secrets of Magneto and more of the world's most diabolical villains in X-Men.</p><p>Due to budget issues and issues with animation production deadlines not been met most episodes from Season 3 onwards aired out of production order, leading to some storylines not making any sense and creating plot holes, however this was somewhat rectified later with the DVD and streaming releases.</p>",
    "updated": 1640721102,
    "_links": {
      "self": {
        "href": "https://api.tvmaze.com/shows/472"
      },
      "previousepisode": {
        "href": "https://api.tvmaze.com/episodes/43244"
      }
    }
  },

  {
    "id": 43788,
    "url": "https://www.tvmaze.com/shows/43788/ghostwriter",
    "name": "Ghostwriter",
    "type": "Scripted",
    "language": "English",
    "genres": [
      "Adventure",
      "Children",
      "Fantasy"
    ],
    "status": "To Be Determined",
    "runtime": null,
    "averageRuntime": 24,
    "premiered": "2019-11-01",
    "ended": null,
    "officialSite": "https://tv.apple.com/us/show/ghostwriter/umc.cmc.3z6okqcnxoo6ohte3k2z5vvrp",
    "schedule": {
      "time": "",
      "days": [
        
      ]
    },
    "rating": {
      "average": 6.6
    },
    "weight": 92,
    "network": null,
    "webChannel": {
      "id": 310,
      "name": "Apple TV+",
      "country": null
    },
    "dvdCountry": null,
    "externals": {
      "tvrage": null,
      "thetvdb": 369490,
      "imdb": "tt11004134"
    },
    "image": {
      "medium": "https://static.tvmaze.com/uploads/images/medium_portrait/275/687580.jpg",
      "original": "https://static.tvmaze.com/uploads/images/original_untouched/275/687580.jpg"
    },
    "summary": "<p>A reinvention of the beloved original series, <b>Ghostwriter</b> follows four kids who are brought together by a mysterious ghost in a neighborhood bookstore, and must team up to release fictional characters from works of literature.</p>",
    "updated": 1621279741,
    "_links": {
      "self": {
        "href": "https://api.tvmaze.com/shows/43788"
      },
      "previousepisode": {
        "href": "https://api.tvmaze.com/episodes/2085339"
      }
    }
  },

  {
    "id": 6888,
    "url": "https://www.tvmaze.com/shows/6888/horrible-histories",
    "name": "Horrible Histories",
    "type": "Scripted",
    "language": "English",
    "genres": [
      "Comedy",
      "Children",
      "History"
    ],
    "status": "To Be Determined",
    "runtime": null,
    "averageRuntime": 30,
    "premiered": "2009-04-16",
    "ended": null,
    "officialSite": "http://www.bbc.co.uk/cbbc/shows/horrible-histories",
    "schedule": {
      "time": "17:30",
      "days": [
        "Friday"
      ]
    },
    "rating": {
      "average": null
    },
    "weight": 92,
    "network": {
      "id": 60,
      "name": "CBBC",
      "country": {
        "name": "United Kingdom",
        "code": "GB",
        "timezone": "Europe/London"
      },
      "officialSite": null
    },
    "webChannel": null,
    "dvdCountry": null,
    "externals": {
      "tvrage": 28642,
      "thetvdb": 133051,
      "imdb": "tt1400819"
    },
    "image": {
      "medium": "https://static.tvmaze.com/uploads/images/medium_portrait/25/64939.jpg",
      "original": "https://static.tvmaze.com/uploads/images/original_untouched/25/64939.jpg"
    },
    "summary": "<p>Sketches, cartoons and quizzes liberally splattered with blood and gore, based on the books published by Scholastic.</p>",
    "updated": 1646560210,
    "_links": {
      "self": {
        "href": "https://api.tvmaze.com/shows/6888"
      },
      "previousepisode": {
        "href": "https://api.tvmaze.com/episodes/2277647"
      }
    }
  },

  {
    "id": 417,
    "url": "https://www.tvmaze.com/shows/417/masterchef-junior",
    "name": "MasterChef Junior",
    "type": "Reality",
    "language": "English",
    "genres": [
      "Children",
      "Food",
      "Family"
    ],
    "status": "Running",
    "runtime": 60,
    "averageRuntime": 60,
    "premiered": "2013-09-27",
    "ended": null,
    "officialSite": "http://www.fox.com/masterchef-junior",
    "schedule": {
      "time": "20:00",
      "days": [
        "Thursday"
      ]
    },
    "rating": {
      "average": 6.4
    },
    "weight": 94,
    "network": {
      "id": 4,
      "name": "FOX",
      "country": {
        "name": "United States",
        "code": "US",
        "timezone": "America/New_York"
      },
      "officialSite": "https://www.fox.com/"
    },
    "webChannel": null,
    "dvdCountry": null,
    "externals": {
      "tvrage": 35808,
      "thetvdb": 271863,
      "imdb": "tt3038248"
    },
    "image": {
      "medium": "https://static.tvmaze.com/uploads/images/medium_portrait/208/521096.jpg",
      "original": "https://static.tvmaze.com/uploads/images/original_untouched/208/521096.jpg"
    },
    "summary": "<p><b>MasterChef Junior</b> goes back for seconds...and thirds! This culinary competition series gives talented kids between the ages of eight and 13 the chance to showcase their culinary abilities and passion for food through a series of delicious challenges.</p><p>Host and award-winning chef Gordon Ramsay is joined by restaurateur and winemaker Joe Bastianich and acclaimed chef Graham Elliot on the judging panel. Together, the celebrated food experts will coach and encourage the promising hopefuls to cook like a pro and teach them the tricks of the trade along the way.</p><p>After a nationwide search, 16 of the best junior home cooks in the country will compete in the kitchen where they will face exciting challenges, including a surprise mystery box, a three-legged race and the fan-favorite restaurant takeover, until one talented kid is named America's newest MasterChef Junior.</p>",
    "updated": 1646489390,
    "_links": {
      "self": {
        "href": "https://api.tvmaze.com/shows/417"
      },
      "previousepisode": {
        "href": "https://api.tvmaze.com/episodes/1646184"
      },
      "nextepisode": {
        "href": "https://api.tvmaze.com/episodes/2266012"
      }
    }
  },

  {
    "id": 6405,
    "url": "https://www.tvmaze.com/shows/6405/the-loud-house",
    "name": "The Loud House",
    "type": "Animation",
    "language": "English",
    "genres": [
      "Comedy",
      "Children",
      "Family"
    ],
    "status": "Running",
    "runtime": 15,
    "averageRuntime": 20,
    "premiered": "2016-05-02",
    "ended": null,
    "officialSite": "http://www.nick.com/loud-house/",
    "schedule": {
      "time": "20:30",
      "days": [
        "Friday"
      ]
    },
    "rating": {
      "average": 7.2
    },
    "weight": 94,
    "network": {
      "id": 27,
      "name": "Nickelodeon",
      "country": {
        "name": "United States",
        "code": "US",
        "timezone": "America/New_York"
      }
    },
    "webChannel": {
      "id": 263,
      "name": "Nick App",
      "country": {
        "name": "United States",
        "code": "US",
        "timezone": "America/New_York"
      }
    },
    "dvdCountry": null,
    "externals": {
      "tvrage": null,
      "thetvdb": 309726,
      "imdb": "tt4859164"
    },
    "image": {
      "medium": "https://static.tvmaze.com/uploads/images/medium_portrait/199/499663.jpg",
      "original": "https://static.tvmaze.com/uploads/images/original_untouched/199/499663.jpg"
    },
    "summary": "<p>Welcome to the Loud House, where life can get pretty crazy. One boy, TEN girls?! Lincoln Loud wouldn't change it for the world!</p>",
    "updated": 1638158740,
    "_links": {
      "self": {
        "href": "https://api.tvmaze.com/shows/6405"
      },
      "previousepisode": {
        "href": "https://api.tvmaze.com/episodes/2215821"
      }
    }
  },

  {
    "id": 808,
    "url": "https://www.tvmaze.com/shows/808/icarly",
    "name": "iCarly",
    "type": "Scripted",
    "language": "English",
    "genres": [
      "Comedy",
      "Children",
      "Family"
    ],
    "status": "Ended",
    "runtime": 30,
    "averageRuntime": 32,
    "premiered": "2007-09-08",
    "ended": "2012-11-23",
    "officialSite": "http://www.nick.com/icarly/",
    "schedule": {
      "time": "20:00",
      "days": [
        "Saturday"
      ]
    },
    "rating": {
      "average": 6.8
    },
    "weight": 83,
    "network": {
      "id": 27,
      "name": "Nickelodeon",
      "country": {
        "name": "United States",
        "code": "US",
        "timezone": "America/New_York"
      }
    },
    "webChannel": null,
    "dvdCountry": null,
    "externals": {
      "tvrage": 15498,
      "thetvdb": 82493,
      "imdb": "tt0972534"
    },
    "image": {
      "medium": "https://static.tvmaze.com/uploads/images/medium_portrait/149/374423.jpg",
      "original": "https://static.tvmaze.com/uploads/images/original_untouched/149/374423.jpg"
    },
    "summary": "<p>Carly Shay led a pretty normal life... until she and her friends started their own web show. When <b>iCarly</b> becomes an instant hit, Carly and her pals have to balance their newfound success with the problems of everyday life. With her parents overseas, Carly relies on the help of her best friend/co-star, Sam, her longtime pal/technical producer, Freddie, and her eccentric older brother/guardian, Spencer, to keep it all together. Sam and Freddie's constant bickering and Spencer's odd habits make for a lot of good material...but is it enough to fill a new show every week?</p>",
    "updated": 1629843623,
    "_links": {
      "self": {
        "href": "https://api.tvmaze.com/shows/808"
      },
      "previousepisode": {
        "href": "https://api.tvmaze.com/episodes/72645"
      }
    }
  },

  {
    "id": 22438,
    "url": "https://www.tvmaze.com/shows/22438/rapunzels-tangled-adventure",
    "name": "Rapunzel's Tangled Adventure",
    "type": "Animation",
    "language": "English",
    "genres": [
      "Adventure",
      "Children",
      "Fantasy"
    ],
    "status": "Ended",
    "runtime": 23,
    "averageRuntime": 32,
    "premiered": "2017-03-24",
    "ended": "2020-03-01",
    "officialSite": "https://disneynow.com/shows/tangled-the-series",
    "schedule": {
      "time": "07:05",
      "days": [
        "Sunday"
      ]
    },
    "rating": {
      "average": 8.5
    },
    "weight": 68,
    "network": {
      "id": 78,
      "name": "Disney Channel",
      "country": {
        "name": "United States",
        "code": "US",
        "timezone": "America/New_York"
      }
    },
    "webChannel": {
      "id": 83,
      "name": "DisneyNOW",
      "country": {
        "name": "United States",
        "code": "US",
        "timezone": "America/New_York"
      }
    },
    "dvdCountry": null,
    "externals": {
      "tvrage": null,
      "thetvdb": 318990,
      "imdb": "tt4902964"
    },
    "image": {
      "medium": "https://static.tvmaze.com/uploads/images/medium_portrait/157/393033.jpg",
      "original": "https://static.tvmaze.com/uploads/images/original_untouched/157/393033.jpg"
    },
    "summary": "<p><b>Rapunzel's Tangled Adventure</b> is about the adventures of Rapunzel, Flynn Rider and their friends in the time between the film, 'Tangled' and the short film, 'Tangled Ever After'.</p>",
    "updated": 1589650831,
    "_links": {
      "self": {
        "href": "https://api.tvmaze.com/shows/22438"
      },
      "previousepisode": {
        "href": "https://api.tvmaze.com/episodes/1783279"
      }
    }
  },

  {
    "id": 37080,
    "url": "https://www.tvmaze.com/shows/37080/big-city-greens",
    "name": "Big City Greens",
    "type": "Animation",
    "language": "English",
    "genres": [
      "Comedy",
      "Adventure",
      "Children"
    ],
    "status": "Running",
    "runtime": 15,
    "averageRuntime": 18,
    "premiered": "2018-06-18",
    "ended": null,
    "officialSite": "https://disneynow.com/shows/big-city-greens",
    "schedule": {
      "time": "09:00",
      "days": [
        "Saturday"
      ]
    },
    "rating": {
      "average": 6.5
    },
    "weight": 87,
    "network": {
      "id": 78,
      "name": "Disney Channel",
      "country": {
        "name": "United States",
        "code": "US",
        "timezone": "America/New_York"
      },
      "officialSite": null
    },
    "webChannel": {
      "id": 83,
      "name": "DisneyNOW",
      "country": {
        "name": "United States",
        "code": "US",
        "timezone": "America/New_York"
      }
    },
    "dvdCountry": null,
    "externals": {
      "tvrage": null,
      "thetvdb": 342059,
      "imdb": "tt7165904"
    },
    "image": {
      "medium": "https://static.tvmaze.com/uploads/images/medium_portrait/157/394948.jpg",
      "original": "https://static.tvmaze.com/uploads/images/original_untouched/157/394948.jpg"
    },
    "summary": "<p><b>Big City Greens</b> is an animated comedy-adventure series which follows the offbeat adventures of 10-year-old Cricket Green, a mischievous and optimistic country boy who moves to the big city with his wildly out of place family – older sister Tilly, father Bill and Gramma Alice. Cricket's natural curiosity and enthusiasm lead him and his family on epic journeys and into the hearts of his new neighbors.</p>",
    "updated": 1645838584,
    "_links": {
      "self": {
        "href": "https://api.tvmaze.com/shows/37080"
      },
      "previousepisode": {
        "href": "https://api.tvmaze.com/episodes/2280298"
      },
      "nextepisode": {
        "href": "https://api.tvmaze.com/episodes/2280299"
      }
    }
  },

  {
    "id": 672,
    "url": "https://www.tvmaze.com/shows/672/phineas-and-ferb",
    "name": "Phineas and Ferb",
    "type": "Animation",
    "language": "English",
    "genres": [
      "Comedy",
      "Children"
    ],
    "status": "Ended",
    "runtime": 60,
    "averageRuntime": 15,
    "premiered": "2007-08-17",
    "ended": "2015-06-12",
    "officialSite": null,
    "schedule": {
      "time": "19:30",
      "days": [
        "Monday"
      ]
    },
    "rating": {
      "average": 7.1
    },
    "weight": 83,
    "network": {
      "id": 78,
      "name": "Disney Channel",
      "country": {
        "name": "United States",
        "code": "US",
        "timezone": "America/New_York"
      }
    },
    "webChannel": null,
    "dvdCountry": null,
    "externals": {
      "tvrage": 12677,
      "thetvdb": 81848,
      "imdb": "tt0852863"
    },
    "image": {
      "medium": "https://static.tvmaze.com/uploads/images/medium_portrait/5/14778.jpg",
      "original": "https://static.tvmaze.com/uploads/images/original_untouched/5/14778.jpg"
    },
    "summary": "<p><b>Phineas and Ferb</b> are Phineas Flynn and his stepbrother, Ferb Fletcher who are determined to make every day of their summer vacation fun. They try building a full-scale roller coaster, becoming musicians, building a backyard beach, and traveling back in time to meet dinosaurs. Their family pet, Perry the Platypus, doubles as a secret agent and battles evil. Meanwhile, older sister Candace is tattling on them to Mom and Dad, though she can never seem to catch them in the act.</p>",
    "updated": 1631807947,
    "_links": {
      "self": {
        "href": "https://api.tvmaze.com/shows/672"
      },
      "previousepisode": {
        "href": "https://api.tvmaze.com/episodes/156888"
      }
    }
  },

  {
    "id": 1055,
    "url": "https://www.tvmaze.com/shows/1055/the-adventures-of-tintin",
    "name": "The Adventures of Tintin",
    "type": "Animation",
    "language": "English",
    "genres": [
      "Adventure",
      "Children",
      "Mystery"
    ],
    "status": "Ended",
    "runtime": 30,
    "averageRuntime": 30,
    "premiered": "1992-10-18",
    "ended": "1993-07-18",
    "officialSite": null,
    "schedule": {
      "time": "",
      "days": [
        "Sunday"
      ]
    },
    "rating": {
      "average": 7.9
    },
    "weight": 86,
    "network": {
      "id": 100,
      "name": "Family Channel",
      "country": {
        "name": "Canada",
        "code": "CA",
        "timezone": "America/Halifax"
      }
    },
    "webChannel": null,
    "dvdCountry": null,
    "externals": {
      "tvrage": 7747,
      "thetvdb": 72668,
      "imdb": "tt0179552"
    },
    "image": {
      "medium": "https://static.tvmaze.com/uploads/images/medium_portrait/6/16996.jpg",
      "original": "https://static.tvmaze.com/uploads/images/original_untouched/6/16996.jpg"
    },
    "summary": "<p>This animated series tells of the adventures of boy reporter Tintin, his dog, Snowy, and their friend Captain Haddock. From the stories by Herge.</p>",
    "updated": 1634498333,
    "_links": {
      "self": {
        "href": "https://api.tvmaze.com/shows/1055"
      },
      "previousepisode": {
        "href": "https://api.tvmaze.com/episodes/101642"
      }
    }
  }
]